Title,Company,Location,Link
Lead-Engineer Software Development,Mr. Cooper,Chennai,https://careers.mrcooper.com/us/en/job/024440/Lead-Engineer-Software-Development?utm_campaign=google_jobs_apply&utm_source=google_jobs_apply&utm_medium=organic
Front end Software Development Engineering Senior Engineer,TekWissen India,Chennai,https://in.linkedin.com/jobs/view/front-end-software-development-engineering-senior-engineer-at-tekwissen-india-4375863114?utm_campaign=google_jobs_apply&utm_source=google_jobs_apply&utm_medium=organic
Lead Software Engineer - Java fullstack,Gartner Careers,Chennai,https://jobs.gartner.com/jobs/job/105639-lead-software-engineer-java-fullstack/?utm_campaign=google_jobs_apply&utm_source=google_jobs_apply&utm_medium=organic
Software Engineer - IAM & Cloud,NatWest Digital X,Chennai,https://jobs.natwestgroup.com/jobs/17275698-software-engineer-iam-and-cloud?utm_campaign=google_jobs_apply&utm_source=google_jobs_apply&utm_medium=organic
Senior Software Engineer -Java Backend,Caterpillar,Chennai,https://careers.caterpillar.com/en/jobs/r0000351361/senior-software-engineer-java-backend/?utm_campaign=google_jobs_apply&utm_source=google_jobs_apply&utm_medium=organic
"Sr. Applications Developer - Chennai - C#, .NET, Azure, SQL, WebApps",UPS,Chennai,https://www.jobs-ups.com/imea/en/job/R25043473/Sr-Applications-Developer-Chennai-C-NET-Azure-SQL-WebApps?utm_campaign=google_jobs_apply&utm_source=google_jobs_apply&utm_medium=organic
"Specialist Software Engineer - Full Stack Developer   (Java & React) - IT (Information Technology) - Chennai, India",Societe Generale,Chennai,https://careers.societegenerale.com/en/job-offers/specialist-software-engineer-full-stack-developer-java-react-2600001V-en?utm_campaign=google_jobs_apply&utm_source=google_jobs_apply&utm_medium=organic
Senior Software Engineer ( Frontend Developer – React & AWS),Caterpillar,Chennai,https://careers.caterpillar.com/en/jobs/r0000351362/senior-software-engineer-frontend-developer-react-aws/?utm_campaign=google_jobs_apply&utm_source=google_jobs_apply&utm_medium=organic
Backend Software Developer,VirtueVin Solutions,Chennai,https://in.linkedin.com/jobs/view/backend-software-developer-at-virtuevin-solutions-4374372898?utm_campaign=google_jobs_apply&utm_source=google_jobs_apply&utm_medium=organic
"Engineer 2, Software Development & Engineering",Comcast,Chennai,https://jobs.comcast.com/job/chennai/engineer-2-software-development-and-engineering/45483/90067034064?utm_campaign=google_jobs_apply&utm_source=google_jobs_apply&utm_medium=organic
